,Unnamed: 0
0,0.0012842755163796889
1,-0.011052854923419826
2,-0.014178046780001305
3,0.01878362962083751
4,-0.006755274485930302
5,-0.0050371549848007265
6,-0.006852577061756238
7,0.003061047952938018
8,-0.016710713796795965
9,0.0015074172291836344
10,0.012900965919193375
11,0.015684720877926835
12,-0.014345633353577537
13,-0.013847644378894047
14,0.00917934853513508
15,0.011229815284889557
16,0.015798354464210376
17,0.0006464505109348814
18,-0.0009361195231105396
19,0.010977170209206275
20,-0.006327231801267301
21,-0.007201552542707239
22,-0.013781447383261978
23,0.003722795943577099
24,-0.01466358629001708
25,-0.022006146543475047
26,-0.010439485061231105
27,-0.001564286861375804
28,0.007970896160210654
29,-0.02474770369869437
30,0.016162646131915905
31,-0.016860372344991548
32,0.0003957634243572175
33,0.00035930380765588065
34,-0.008102468243649498
35,0.007982678080317515
36,0.023776562066020416
37,-0.016436824953100997
38,0.01909702079112076
39,-0.006630155490143602
40,0.003110069733663423
41,0.0302109734303562
42,0.002719956172879507
43,-0.020660153131999624
44,0.009442176951708008
45,0.006856371778419819
46,-0.01965955063762883
47,-0.020701105638848298
48,0.0014129891384830155
49,0.00531650052335743
50,-0.012310727787898377
51,0.024126007715104272
52,0.023553724023555756
53,0.02024107735746707
54,-0.001907977574868839
55,0.002657419755278434
56,0.018127233732549847
57,-0.009643828566908721
58,0.007713074993849069
59,0.013680631277949811
60,0.003630046783626238
61,-0.004944293445148957
62,0.02577491543655952
63,0.008029349127085363
64,0.008827854125034807
65,0.0058053395807380415
66,0.004533757690957714
67,-0.013693998174041369
68,0.006414413949233573
69,0.002603178210454962
70,0.02227129953638
71,-0.000739398816758491
72,-0.003656058831318635
73,0.009917393566195655
74,0.01006545729511379
75,0.007046439014931484
76,0.001402609774371866
77,0.0014666650640139517
78,-0.009084724720315147
79,0.00019936355773401079
80,0.0030183734259669488
81,0.012909894045745583
82,0.004478588001762854
83,0.0016097297818393039
84,0.006424528169337971
85,-0.003886472347936077
86,-0.009447289848188184
87,0.012261811726518518
88,-0.010715788574148346
89,0.005823260582012259
90,-0.0011514281440166139
91,0.009993600718069042
92,0.014411261360750216
93,-0.000794412568985478
94,0.0019169875156871859
95,0.007795776400919634
96,0.004634138291075669
97,0.001712286535029925
98,-0.004689953775402566
99,0.006178965297698485
100,-0.0026824556469762337
101,0.0071364609687617165
102,0.005519937860327086
103,-0.010872629253061818
104,-0.00520126794774004
105,0.009386871927041785
106,-0.009027573300046868
107,-0.004653956254999908
108,0.001105068098797194
109,0.004764478865376203
110,0.001934378112391062
111,0.012926441886904899
112,-0.00752795329768197
113,0.000265354051336444
114,-0.006555755088065408
115,0.011690419306236308
116,-0.006995630774220528
117,0.001013282792991305
118,-0.0025747836112136697
119,0.010210090879618494
120,-0.000424203638567951
121,0.015196985583615394
122,0.007852759395025668
123,0.0006908362702884289
124,0.00697836051395015
125,0.0014376343904101395
126,0.0030625213446394245
127,0.005376306596938845
128,-0.0023596390333112615
129,0.00654879072200248
130,0.0038671049958798726
131,0.004815266167856866
132,-0.0015437082988783368
133,-0.011368631188294094
134,-0.007158435727685871
135,-0.0018381583114865296
136,0.0013949543473937797
137,0.0020700012367359903
138,0.0010733170616815673
139,0.009397599760888536
140,0.002894158907560685
141,-0.0010040930802503471
142,0.0166790800458603
143,-0.03952944172412481
144,-0.025293647802182687
145,0.021093902853926778
146,0.02066294112339459
147,0.01718764292229423
148,0.0028251163254875925
149,-0.008474698866223318
150,0.006473874080510676
151,0.0015900823003604965
152,0.019178848179988536
153,0.005127324527184049
154,0.011435720148550694
155,0.0010215084081240948
156,0.005470289336029377
157,-7.477070088527303e-05
158,0.0029442326808489403
159,-0.0012274520436545602
160,0.0060511818813536265
161,-0.0029894513599998643
162,0.007618826381062461
163,-0.0005930998547746959
164,0.004947879640569865
165,-0.003637162243303094
166,0.003900649209499629
167,0.002507500010939693
168,-0.0013252407044015053
169,-0.007924369464212601
170,0.006661078088291308
171,0.001360009301056544
172,0.010525904545085564
173,0.0002971565886670165
174,0.0010470779594756803
175,-0.001494990283813106
176,0.006689283008819023
177,-0.00020423588688289518
178,0.005883325543103845
179,-0.005600835150137439
180,0.0020813898405748453
181,0.005790877122750474
182,0.0012815592734659528
183,0.0006806413287453483
184,0.004079618468833055
185,-0.00552841354972711
186,0.0014277576607640606
187,-0.0015121571869175226
188,0.007011677966621359
189,-0.0007971496518198566
190,-0.0017011123874110525
191,0.0006706606480536022
192,0.00625886402825957
193,0.0016661583636741319
194,0.002710487668385725
195,-0.002733472602048764
196,-0.026043398005967357
197,0.016088164003957562
198,-0.015440526188200363
199,-0.0002927592879861614
200,0.011479462310506186
201,-0.0031074843264410953
202,0.003638938319451366
203,-0.0003426265823728079
204,0.013864631440862732
205,0.008765884996862766
206,-0.0042950603619957214
207,-0.006072919450942394
208,0.006173954232135117
209,0.007018975371093713
210,-0.008320627640291449
211,0.008974562911310335
212,-0.003053011586169503
213,-0.005290561372842942
214,0.005239599176170918
215,0.0013035813771573612
216,-0.00445705892558335
217,0.005607021746245359
218,-0.014203527083824377
219,0.0025440862367377315
220,-0.0026633323360357136
221,0.00073530133677269
222,-0.001697530443018365
223,0.007824005141722531
224,0.004909058734373119
225,-0.0006567168469169218
226,-0.00028248291222315186
227,0.005552280728134543
228,-0.006245763563464686
229,-0.0009641005459490658
230,-0.004977904405016197
231,0.0019140144683236324
232,0.004287314819878767
233,-0.007069410597214328
234,-0.007262820259328896
235,-0.0014181359832941254
236,0.0019677645922334137
237,0.022769789511849013
238,0.004930221058881062
239,0.01212131024481943
240,0.004580258402161896
241,0.0013829803249956094
242,0.007397786903890996
243,0.008575814466952747
244,-0.001460204586007819
245,0.00718531764492656
246,-0.0014519154232359353
247,0.007994499340631251
248,0.0035407664889893376
249,0.0031040151689246446
250,0.0046506432990434535
251,-0.0046976036179766645
252,0.0020533133064055205
253,-0.0014384048197567702
254,-0.005632126527816555
255,0.002800242371105289
256,0.008513122053571149
257,0.0058289379168473005
258,0.01517001664787494
259,0.005052166031424499
260,0.002547724252575774
261,-0.002128970127461511
262,0.0048410475826755305
263,-0.009338540019067138
264,0.004514686012840655
265,-0.0015940064355015806
266,0.0024149084759963555
267,0.004781162029788743
268,-0.0016408896122610866
269,-0.00263259245453391
270,0.002976728588505338
271,0.004002790369515313
272,-0.009365859722629148
273,0.0015991363638964034
274,-0.003175659813730625
275,0.004733932326212382
276,0.004653109203919013
277,0.011185889320161874
278,-0.0020535675770254665
279,0.004106921624802801
280,-0.0038287809256457124
281,0.0029271533418521356
282,0.0039883546165740144
283,-0.0014790511634784884
284,0.0039328224946331815
285,-0.0028827569031815
286,0.00391221844937191
287,-0.0036831636676785276
288,0.00436919525620664
289,-0.0020000022761417087
290,0.011116093316411167
291,0.009114303414588156
292,-0.0018589441427006475
293,-0.0008965356034585583
294,-0.004798078677713536
295,0.0013274857599076227
296,-0.0007649815687766785
297,0.0026428316194723567
298,0.008798913504292164
299,-0.0014296911411784536
300,0.0006045237601702288
301,0.0029699527125843497
302,0.0081531590552906
303,0.005904176131533319
304,0.0050301622708380875
305,0.0031865646297712354
306,0.0055687882318375325
307,-0.0010012101769724298
308,0.003218534141876624
309,0.0038601875997240354
310,0.0038162806178588414
311,-0.0017061475629631198
312,-0.0009915061908044103
313,0.004290440607934022
314,0.0024503612465765897
315,-0.003499807337283998
316,0.013736074348798828
317,-0.006428332395525541
318,0.0006593054734251277
319,-0.0036799445136998636
320,-0.0031536232145313783
321,-0.0020423963847939664
322,-0.0003905358192942954
323,0.004678670640921618
324,0.00295091224554473
325,-0.003454597262754383
326,0.012146351208848575
327,-0.0013137712735799545
328,0.0010560634883559122
329,-0.0018598610622075845
330,-0.01313285957330057
331,0.0038556074270521294
332,0.0007869815881437199
333,0.0005598078696676226
334,-0.0005033497556499092
335,0.008251519247800437
336,0.003049444001218208
337,0.002824387134341799
338,0.00012910203645192066
339,-0.003154615844488207
340,-0.0002487107689697144
341,-0.0024939802427293204
342,0.005632073044310083
343,-0.0004777337275369151
344,0.0021369740005142764
345,0.001155624672040575
346,-0.00567097708921076
347,-0.0060160898945728816
348,0.00977017925849418
349,-0.0017658378257246715
350,0.0014877533434512456
351,0.008787732068711812
352,-0.001976901731991361
353,0.011408732758045525
354,0.006202486064550811
355,0.0013901530022081038
356,0.002844776486064055
357,-0.004162817061068923
358,0.001403576941815136
359,0.0018410491738305931
360,-0.0025308617009115676
361,0.002259119508184673
362,0.0075522689009584094
363,-0.0015592028641634131
364,0.000648428413505223
365,0.004052494176905949
366,-0.002584382956464543
367,-0.0026099882092435857
368,0.007783779508169582
369,-0.0004277467039677662
370,-0.01605661755419658
371,0.0038895030468848804
372,0.008864446522515411
373,0.006581859435211463
374,0.0015846033962371956
375,0.0033304240306397596
376,0.005417767967853804
377,0.0008169282667660972
378,-0.0007830470095950186
379,0.0018220065359845384
380,0.011193374977113328
381,0.003326484991319314
382,-0.0018009639069713078
383,-0.003266292151035206
384,0.0022211861637441072
385,0.0019002793314280679
386,0.0020211854400320876
387,0.0010882717385820781
388,0.0067576420103748775
389,-0.0013717805079338234
390,-0.0010062563738397943
391,0.0005044806321713427
392,0.008305371336101281
393,-0.00769270957892509
394,-0.0016355866447180585
395,0.0009152976052478977
396,0.003252822294532145
397,0.0026580622173309203
398,-0.007428265079944396
399,0.0089139146270929
400,-0.007716925419306894
401,0.003881667846200808
402,0.00381217155892719
403,0.00017288750227601715
404,-0.010072691845935103
405,0.008515589479824347
406,0.0010602433822761552
407,7.228866592325526e-05
408,0.008797933296712353
409,0.0022746077766261376
410,0.005302176653595334
411,0.0017337652006377418
412,-0.0006988423122004266
413,0.006818983700807647
414,-0.0005306647128606362
415,0.0013039846492822848
416,3.546278079166653e-05
417,0.0038455162511939543
418,-0.0014001589281908908
419,-0.0019797261186263403
420,0.000650336375673305
421,-0.00017777317614614996
422,0.0020877611577590346
423,-0.0011990256908993744
424,-0.0011399139353864118
425,0.003306170421175108
426,0.002044318237500331
427,-0.002083323702897828
428,-0.0010235381195811645
429,-0.013768969713154248
430,0.0018485601560066284
431,0.010831501962567066
432,-0.0009232817622043864
433,0.0037567853718207755
434,-0.014588337166838787
435,-0.001045226118725759
436,0.0016911779673211063
437,0.010653518886606131
438,-0.0025121374855729462
439,-0.0009418501579244147
440,0.0036573971325437955
441,-2.255448370385855e-05
442,5.151923971382808e-05
443,0.005812429047866238
444,0.007235175922157735
445,0.003954339125856797
446,-0.006417758745989724
447,0.0037688463581336588
448,0.0006688183329543446
449,0.002081360007009145
450,0.011471279746116371
451,0.0040898026086926996
452,0.00021682867289839802
453,0.00033270479950514993
454,0.002845796284494031
455,0.0028864976755972934
456,9.484112680403783e-05
457,0.0019013383053019639
458,-0.0012887087878504671
459,0.003010227253378438
460,0.0001464607866303861
461,0.0008473770727177275
462,0.004870911771619287
463,0.001406030461372965
464,0.004679685064424272
465,0.005203840619433392
466,0.0023257195754992125
467,0.003594821622550342
468,0.004534925633707632
469,-0.0002316657393879182
470,-0.002312194923578467
471,0.0028475769922729627
472,0.0015908388175234717
473,0.0014357863192171097
474,0.0014541605908771215
475,0.0010969225382946445
476,-5.947490568254786e-05
477,0.0021073827618510697
478,0.0017557363311941664
479,0.007394792142135853
480,-0.0027278392890436646
481,0.0020195570330502448
482,-0.005768848136392809
483,0.004223210140843189
484,0.003405805807457642
485,-0.0040674639576150145
486,0.0027282465288767676
487,0.0007316183320064679
488,0.0014303356969278098
489,0.0036837053651309383
490,0.0029772802949739677
491,-0.0005350723680333249
492,0.003037052782346658
493,-0.0033426942165440533
494,0.0011718216349125847
495,0.0027336477244848975
496,0.0005527613324838149
497,-0.005043751941104768
498,0.009567454626372715
499,0.0015538610634453001
500,0.0027404403484163915
501,0.005099757709823922
502,0.00022649990212737678
503,0.0021789353628560264
504,-0.0006908676021457342
505,0.011552844523529372
506,0.0036783353284997452
507,0.008511125965746269
508,-0.001810032458170611
509,0.0007245158593067321
510,-0.005217094442016773
511,-0.0007984551650209919
512,0.005732785225010317
513,0.0065988752817332545
514,0.0014708220984765547
515,-0.000447806121376633
516,0.00026976433922700524
517,-0.00480200030875728
518,0.009989363020001083
519,0.007745263087724389
520,-0.0021857095326281383
521,0.0004352289362745376
522,0.002050355050123065
523,0.0009528004424135749
524,0.0009482001445294561
525,0.0012701527976154562
526,0.003105230321791455
527,-0.004472024326517895
528,0.004159859799338912
529,0.0040764613135666474
530,0.006323171822489334
531,0.003734086639653256
532,0.0065079060771806386
533,0.004312497230657199
534,0.0008490063292615815
535,-0.0026496382095912616
536,0.00923988580932731
537,0.006079441834318101
538,-0.005328710354606279
539,0.00906491597811974
540,-0.001809006188102444
541,0.007173288710833452
542,0.0065875277025733
543,0.003635514249236319
544,0.00022900304734165168
545,0.00030783866091217596
546,0.010228359488407524
547,-0.006723254095330007
548,-0.009082448775762668
549,0.0011092978919286247
550,-0.0012893699679542656
551,-0.019302868552709657
552,-0.03611199922916007
553,0.01278385623032929
554,-0.0023753868071254977
555,-0.0340644903119997
556,0.014468225252858673
557,0.013015251916940052
558,0.003837675619704043
559,0.015681858587752576
560,0.011359359781740115
561,0.0010778482901340656
562,-0.005209506536567128
563,-0.0048895614296604415
564,0.0009211867169398626
565,0.01611148420382235
566,0.0079864128256158
567,-0.012294259359979704
568,-0.009305234971716066
569,-0.009714867112656875
570,0.007319947989806422
571,0.012143069609865931
572,0.006065849724429539
573,0.0003173744988733032
574,0.004455654238976131
575,0.016901124757826468
576,-0.0005300330099596173
577,-0.0037700696575412133
578,-0.004485149015955744
579,-0.0014676811011896205
580,0.004685719395768217
581,-0.010655672844227474
582,0.0019368320664128436
583,0.0007513047311944342
584,-0.022349343228203686
585,-0.018731047486134585
586,0.024165341456296632
587,-0.011960575095424471
588,-0.0009563153441257497
589,0.013806813910911995
590,-0.02130331828455336
591,0.012417836363537884
592,0.011924927781628623
593,0.006736072079754306
594,-0.020766867891502575
595,0.002230864773590212
596,0.015947393551406838
597,-0.003879702803302452
598,0.006427008230540967
599,-0.001998381381861247
600,0.01078437571494595
601,0.009951616472154298
602,0.003145654709494437
603,-0.006082751265669162
604,-0.006677280784919835
605,0.001585910134434581
606,-0.009626486210435046
607,0.0023754100948148293
608,0.008128258880147628
609,0.00318274610044663
610,-0.008591714419757042
611,0.002061206287947295
612,-0.007541320938282276
613,-0.0011541485341941048
614,0.012886296747371975
615,0.0028050525224399196
616,0.0004187964811304555
617,0.008539011844053318
618,0.009033072495953903
619,0.0017618925550234824
620,0.00042149039034612473
621,-0.0049065391903011825
622,0.005623817512234105
623,0.001641949637772612
624,-0.0004912004374138052
625,0.006974111665147524
626,-0.0035237275179140345
627,0.0029489176775900376
628,0.00038844569528316184
629,-0.0011175124422736526
630,-0.00991019024784397
631,0.013625412498862845
632,-0.008383911771380117
633,0.009436728669177585
634,0.00548959274678194
635,0.002279713498740789
636,0.008378389923583805
637,0.0002458844214807513
638,0.005416563875510537
639,0.002308715767261617
640,0.003713584926266047
641,-0.004412543036017954
642,0.00441388761907488
643,0.0010067197587947424
644,-0.0009832704101371667
645,-0.003826164755486859
646,0.002512971996416405
647,-0.005307223992770676
648,0.003262074523476353
649,-0.011112203311410211
650,0.0016919125405441447
651,-0.008496508752327329
652,0.004931027368891791
653,0.0017800700177792955
654,0.0016562995949958405
655,-0.0014295816085126694
656,0.008695738979307373
657,0.008278466224180278
658,0.008701313236520838
659,0.002992653775045268
660,-0.0074928593840660465
661,0.006502605779047663
662,0.0015925746898321188
663,-0.002391573490694189
664,0.004833047055181571
665,0.003331080571521677
666,4.8232036027194006e-05
667,-0.0027454419828030576
668,0.0006140280046623296
669,-0.001052315671552386
670,0.009348375953802533
671,0.004901725599871465
672,-0.0059104524303353785
673,-0.005468539843306022
674,0.008593307144148564
675,-0.004910401945526242
676,0.006399889693322047
677,0.005161454459725109
678,0.003410172318557493
679,0.003127303941323238
680,-0.001485462025153621
681,-0.0010878235346297406
682,-0.0066968198034629495
683,-0.0038524265824026343
684,0.00860824168331804
685,-0.006384413219912815
686,0.008523760206610397
687,0.005188182028799395
688,0.004878758473229092
689,0.004196109740617808
690,-0.001101900873123488
691,-0.0021543642024585393
692,0.006366783719936291
693,0.006942393827181062
694,0.0008958380921049916
695,0.004487426773606522
696,-0.00600635969099793
697,0.0013678876158456912
698,-0.0008772483695414737
699,8.47422562626526e-05
700,-0.0017662551621062189
701,-0.0027902756451741156
702,0.004772769470131274
703,0.0016452933713696609
704,0.0021958161303913945
705,0.005539152956139669
706,0.001927077112903539
707,-0.0038769003222108717
708,0.005227236068118983
709,-7.355274023096702e-05
710,0.007385324451994563
711,0.001410657749656295
712,-0.0059102743759746265
713,-0.0018695619160814254
714,-0.003905505973527386
715,0.0008778667266225889
716,0.0023594202003645623
717,0.00023572700285264298
718,-0.0011715225390776368
719,0.0007059975611941123
720,-0.006918209251536212
721,-0.004986167459316146
722,0.0004820631998943575
723,-0.0044349968144346335
724,-0.028767558915656233
725,-0.0201157697093594
726,0.010431863556381349
727,-0.00042450365541379524
728,0.021365381260504565
729,-0.0015955159424946332
730,-0.012807044371782629
731,-0.002484940235208298
732,-0.004582170200212276
733,-0.005437151669980727
734,-0.02663436374588576
735,0.014865523006549591
736,-0.01467678948489181
737,-0.001181966991231465
738,0.021415634549152143
739,0.00850310782905647
740,0.015808869703536777
741,-0.0029571437413721605
742,0.006657797595753623
743,0.00757549206003104
744,0.01798895084264163
745,-0.0009990916863047846
746,-0.00772514776297616
747,-0.01569172074890588
748,0.0006152022882407933
749,-0.005059152986241986
750,0.01083542378143433
751,0.0037436843752281447
752,-0.01452754369404048
753,-0.015211827716826306
754,0.0070549071498427355
755,-0.002421163442037587
756,0.014858824917629122
757,0.0004187384546279487
758,0.020012004144111233
759,-0.0021322019950725107
760,0.0069373885207166565
761,0.011497994384743339
762,-0.030955925552089248
763,-0.00030653191390723003
764,-0.00039668256333712373
765,-0.021548615230563114
766,-0.000759545077596358
767,-0.0008431274751815981
768,0.006203883276651242
769,-0.004086695340488455
770,-0.013970184074645755
771,-0.02080343203549819
772,-8.016898506898321e-05
773,-0.014481732443577007
774,-0.015211339778355487
775,-0.017735208136519475
776,-0.026036722978994294
777,0.04629027273800647
778,0.00952850056397014
779,-0.0009650710892212021
780,0.009127000054771645
781,-0.00010748695321690005
782,-0.018936322182675484
783,0.03394454516013504
784,0.011212745640319221
785,0.011347394590068014
786,0.007646407951612738
787,0.007850336105505305
788,0.0018158184430808516
789,-0.004190880581663504
790,0.00835482149892468
791,0.003240044936081661
792,0.00984096060412016
793,0.015693337195602897
794,-0.012804029971690016
795,0.0008896624295239842
796,0.006095704288490887
797,0.010912567490017478
798,-0.0035124415898824717
799,0.0021352441496388245
800,0.011944000207038964
801,0.008421942278337497
802,0.0034407543049312967
803,0.006166662531365287
804,0.005140621847618518
805,-0.0003648631520706082
806,-0.004960345322254268
807,0.002183710144990995
808,0.0031763755058581036
809,0.012598572099918477
810,0.004680679263483912
811,-0.0011023655606235807
812,0.011832151719596704
813,0.0022831363557742246
814,0.0036394432462523887
815,-0.002747905250426535
816,0.006535184461303781
817,0.0006968107877413616
818,-0.001930754439884229
819,0.0008543485633688429
820,-0.0011800687992742714
821,0.0076146081121120845
822,-0.004537934388473402
823,-0.0025016529788519514
824,-0.007789525235234442
825,-0.00698662283418241
826,-0.002148565317995026
827,0.014029879957455325
828,0.003438085023307739
829,0.0068850785951763875
830,-0.0004930901700136286
831,0.0042562792302791
832,0.004805282831017597
833,-0.0013775965771110857
834,-0.005687857838752633
835,0.013868324093802408
836,-0.0197122129163144
837,0.0006936290720352553
838,0.008635982283927115
839,-0.003096493441487731
840,0.006102461153311737
841,0.0070535568324725404
842,0.012701260701292346
843,-8.122754395920303e-06
844,0.003506306893893676
845,0.003089349169689245
846,0.0071358799455498575
847,0.0009122156266933135
848,-0.0072196662384565085
849,0.006149047217048838
850,0.002244527125838246
851,0.007765711133735347
852,-0.0011413583651706037
853,-0.0002123249749546789
854,-0.005596627800906053
855,0.0029823811347457195
856,-0.0012874895094018165
857,0.010104670376731038
858,0.0008907244611924588
859,-0.004017072167394401
860,0.006824250728256124
861,0.0008999289248443202
862,0.004286097406960943
863,-0.009184391561231645
864,0.0009841712042865324
865,0.009928362906679129
866,-0.004152988941314893
867,-0.015571713490614212
868,-0.0012148152806348727
869,-0.0006743132227325693
870,0.004613719457623687
871,-0.024089916813617638
872,0.00997287206575794
873,0.003964977768410499
874,0.007823289883326923
875,-0.0060248875393082305
876,-0.005617754482918797
877,0.01167109274126193
878,-0.0038851399857598628
879,-0.011859011425048173
880,0.002642428367531609
881,-0.00958298584995472
882,-0.006359322662599768
883,0.001765443100773413
884,-0.010174560687491879
885,0.005600002847368979
886,0.023565437240716778
887,0.008410413723109963
888,0.005311116843143009
889,0.007756513726083092
890,0.004729307064373446
891,-0.000221207563939518
892,-0.0007408108238712595
893,0.006690603516596726
894,-0.0022942246039717924
895,-3.907441764775456e-05
896,0.010842578509057918
897,0.004569873109078548
898,0.009746806789643412
899,-0.001989485094552236
900,-0.0032980732504413832
901,-0.006466120191947406
902,-0.0014993932193772261
903,0.0073405049020143385
904,0.009711793309362901
905,0.0074463928111005336
906,0.000861528220131042
907,0.009483527162288433
908,-0.0009409809030570845
909,-0.005026793217720232
910,0.0004505689781095501
911,0.0016448876752337416
912,0.0023127826138728963
913,0.007857608380852275
914,-0.00038147438759833095
915,-0.0010816528745892162
916,-0.007466557216656636
917,0.004520248710973324
918,-0.004073758622825646
919,0.0009942600700311769
920,0.009173325277329749
921,0.007475507783462544
922,-0.005630727546152756
923,0.005890814919060017
924,-0.0020408311954183233
925,0.0008721950711931544
926,-0.009084482975580743
927,-0.011493527427682044
928,-0.007684249725233767
929,-0.028105712442966408
930,0.012120893274045398
931,0.0025613027812099354
932,0.01952032857636944
933,-0.007485363428103103
934,-0.012396895856414769
935,0.013501322735888784
936,-0.02956871305197312
937,0.00271896003924439
938,0.016804988273232634
939,0.012783771812858483
940,-0.007169967857377612
941,0.008885895271765122
942,0.0008568709013358726
943,-0.026043229851434476
944,0.00942561808155911
945,-0.004328678040257839
946,0.008582990319842027
947,0.014493909241737516
948,0.0020886086545951104
949,-0.006438921477171061
950,0.012147868553934703
951,0.015470166155810566
952,0.0026207090881660115
953,0.004954541838332222
954,0.004857703368768505
955,0.008109604799335781
956,0.0019212655392098108
957,0.0011416301271163995
958,0.0008031400525949197
959,0.0017761120539547433
960,-0.000586045623739649
961,-0.0017158286071756546
962,-0.003077808950771006
963,0.0009330885816621019
964,-0.007268767299516566
965,0.006446622833267175
966,-0.001659909173396343
967,-0.003686574683250682
968,0.00554602073205025
969,-0.014627963868638813
970,-0.01734209887066557
971,0.008063178567430997
972,0.012366355782502855
973,-0.00434812923269299
974,-0.01699199097702092
975,0.00958332527025445
976,0.007760203750137191
977,0.015186875610210194
978,-0.001556677885854798
979,0.009435917435241614
980,-0.001702725360597697
981,0.004755897175370876
982,-0.0005649911970710991
983,0.0074183721142294925
984,-0.00023965744120983567
985,0.0037558104988533745
986,0.0021117550466095004
987,0.0036869523542471068
988,0.003681941751895802
989,0.0030640722742730077
990,0.0011999330799922537
991,-0.005366449804336198
992,0.012919375969519144
993,0.005224958004065637
994,-1.607373319784582e-05
995,8.228757529899901e-05
996,0.003183159718497682
997,0.0027993423064312864
998,-0.001725274636244754
999,0.0013194866289996888
1000,-0.00012161363373465617
1001,0.0026383709271640627
1002,0.007940661403011105
1003,-0.0003970815909579589
1004,0.0009776305489131297
1005,-0.0026009723804528103
1006,-0.002032847570379134
1007,0.003936648408079981
1008,0.008950356905358371
1009,0.0029913727488879997
1010,0.004756987428596893
1011,-0.004500489982940837
1012,-0.00785637994354497
1013,-0.007150060213759668
1014,0.00782901103792563
1015,0.002340952391145251
1016,0.00939125993912685
1017,-0.0023567841548249764
1018,-0.0007154020601895242
1019,0.003252173212672906
1020,0.01062708297900128
1021,-0.001737062652703219
1022,0.007095980218565543
1023,0.000816662009507123
1024,0.001502112933255745
1025,0.004265116537096233
1026,0.006530384738321015
1027,0.0007877473771215814
1028,0.0007952711289929505
1029,0.0027645557537881037
1030,-0.00028838661651550544
1031,-0.0036051680631362325
1032,0.004308365805602441
1033,0.003818028749574878
1034,-0.0049992816398307756
1035,0.0015180002281057529
1036,-0.0003675068174495793
1037,0.003330670986362554
1038,0.005426891791037508
1039,-0.0022783788979537636
1040,0.007214155729835761
1041,0.0021864446909604087
1042,0.002056139065408291
1043,0.009969563165119127
1044,0.002745911737530267
1045,-0.003995672564664594
1046,-0.0005623210204378881
1047,0.003014503579657747
1048,-0.010064085974574566
1049,-0.01502257850621359
1050,0.009654894236300175
1051,-0.002669780020156924
1052,0.002721527840699275
1053,-0.01841678623124268
1054,0.007050727220206306
1055,0.015205467159649447
1056,0.01448392001474802
1057,0.00015362916036244976
1058,-0.007424220693000821
1059,0.005159268011495089
1060,0.006657825634389623
1061,0.007556031024279677
1062,-0.0005909930348179075
1063,0.0017097867915340642
1064,-0.002834456625189756
1065,0.004003901097091123
1066,0.00034889094205815834
1067,-0.008420981120677557
1068,-0.030307263509034982
1069,-0.03310606197211077
1070,-0.009524091563466005
1071,-0.038651247639025915
1072,-0.011275907056710619
1073,0.03917869953226097
1074,-0.024366519463221395
1075,0.038868787426273026
1076,-0.03603417361237516
1077,-0.020271646086155264
1078,-0.0878320393746554
1079,0.05041602408721524
1080,-0.05493865882056393
1081,-0.10105979449898314
1082,0.08468546806739502
1083,-0.12408792063945263
1084,0.05296767168677889
1085,-0.07386873128716527
1086,0.02168359172364827
1087,-0.03921998186232991
1088,-0.03269126453066879
1089,0.11680954209235428
1090,0.03264704264047557
1091,0.062435742021219764
1092,-0.033956009903452676
1093,0.02521725085049813
1094,-0.015176956911324918
1095,-0.051384168539329214
1096,0.015324981692351622
1097,-0.012977379821369137
1098,0.08353021508953831
1099,0.012626358068314851
1100,0.047441533267056454
1101,0.026709355772738218
1102,-0.02182849215372548
1103,0.02541108464839019
1104,-0.03321939897767304
1105,-0.003982795937832802
1106,0.045569702587544385
1107,-0.020300135994465014
1108,-0.027168784633601565
1109,0.020582258339193835
1110,0.005019883550409193
1111,0.015555344542982233
1112,0.02978563626216479
1113,0.013233948474285042
1114,0.034110977358527785
1115,-0.022856546734596684
1116,-0.03288209567950579
1117,0.0021650002349783448
1118,0.006679259936383545
1119,-0.011993867526475738
1120,0.018437128549138752
1121,0.028407882148898552
1122,-0.00926217966929514
1123,-0.02464978527027853
1124,-0.02673014687962772
1125,0.016725730940349445
1126,0.0030901389587767855
1127,0.05533996148329032
1128,-0.012291380956277189
1129,0.020140890545694606
1130,-0.0033722135796930104
1131,0.0023700275494910024
1132,0.03270159329225856
1133,0.025398672204523354
1134,-0.00643886011524805
1135,0.0008140719669792826
1136,0.011510370980078078
1137,0.013282111930343309
1138,0.027456749587106467
1139,0.00488441580748342
1140,0.03448403388798098
1141,0.02235348589193619
1142,-0.022217650912543036
1143,-0.019935634732007095
1144,-0.06616753319914594
1145,0.02075079649800415
1146,0.011812650950330059
1147,0.02060835741193945
1148,-0.008397498611734217
1149,0.00034741576689716156
1150,-0.008410869666877756
1151,0.002757717707280452
1152,0.002504713074973595
1153,-0.03234512630861452
1154,0.011863223237007958
1155,-0.01951501468065173
1156,0.021711306600622628
1157,0.015144361184692085
1158,-0.00116975050494019
1159,0.007131911423302433
1160,0.012572933517568476
1161,-0.015788966605676764
1162,0.004039297923974043
1163,-0.015269091254430595
1164,0.0181676420527796
1165,-0.002616184659977182
1166,0.017008380311186167
1167,0.02520484576283253
1168,-0.0009520414058243962
1169,0.003959975294791451
1170,-0.004272374730619853
1171,0.011828814050790998
1172,0.008170144660510381
1173,-0.0009564042112821295
1174,-0.006286457170124265
1175,0.005492698245919708
1176,-0.00537011527253692
1177,0.018231190267382725
1178,-0.006796591642333897
1179,-0.0005429213676315647
1180,0.004322410963578805
1181,0.006126704407423437
1182,0.00895250736432333
1183,0.00036687333328944106
1184,0.010724366330454253
1185,0.012552475509836345
1186,-0.0005930581560168849
1187,0.007223173266473606
1188,-0.0037478001483528477
1189,0.0031608411262690423
1190,0.0006479469276042215
1191,-0.0036181498394442122
1192,-0.0034650300145873418
1193,-0.00461988997945961
1194,-0.0005507214182151868
1195,0.01745994099696267
1196,0.0010474446200741134
1197,-0.0008077356916173252
1198,0.006706424544861388
1199,0.009417349677501827
1200,-0.007065478542253809
1201,0.004324770641641327
1202,0.019234733482306077
1203,-0.022061005259532793
1204,-0.0015389441703013587
1205,-0.020356012665299742
1206,0.013694126887190197
1207,-0.013869535887047849
1208,0.005438258486013074
1209,0.018294043480113865
1210,0.0021426347697613033
1211,0.008025444225200368
1212,-0.0036418958641169833
1213,-0.010402423116598822
1214,-0.024213716621714055
1215,0.0062599438114305855
1216,-0.020605690036489353
1217,0.0028369658279351223
1218,0.014513211008726287
1219,0.020021308646591296
1220,-0.006779024931626984
1221,0.007302224071066021
1222,0.0038152361786294
1223,0.005654355971805067
1224,0.01938340167840113
1225,-0.0092256305503495
1226,0.018902384063323653
1227,0.01544542813337628
1228,0.0029142588899934187
1229,0.008204529289050636
1230,-0.009294237435422051
1231,-0.0013083356608868323
1232,0.00495920586651617
1233,5.894905191407084e-05
1234,-0.012488947154372355
1235,0.007266035239409576
1236,-0.0024902016216861527
1237,0.013908599402488814
1238,0.006045511076757596
1239,-0.022061748209318447
1240,-0.01111064834310631
1241,-0.030733857921866108
1242,0.01216355236616309
1243,-0.0011956562779823934
1244,0.02396015075464776
1245,0.021281821606186826
1246,0.001978646912064002
1247,0.020580197237283257
1248,-0.003402111134091662
1249,0.04679300964955269
1250,0.007827340207508379
1251,-0.0004908772303941504
1252,-0.015032246637039247
1253,0.023718549663510318
1254,0.021092353967925973
1255,-0.0020191363564256944
1256,-0.010418059742139338
1257,0.005607335073268452
1258,-0.0048177264479732675
1259,0.015281685957723563
1260,0.02101701041388283
1261,-0.005617810581697148
1262,0.0005924656812343815
1263,-0.00965834679973132
1264,0.010560658607602495
1265,0.0006601852478024867
